{"minzoom":0,"maxzoom":9,"center":[-91.757812,14.944516,9.0],"bounds":[-92.240242,13.739444,-88.221497,17.819454]}