{"minzoom":0,"maxzoom":8,"center":[-90.703125,14.603795,8.0],"bounds":[-92.240242,13.739444,-88.221497,17.819454]}